Mix - Cappucino Cocktail,El Paso,Texas,United States,58
Rice - Wild,Atlanta,Georgia,United States,11
Bread - Sour Batard,El Paso,Texas,United States,100
Cheese - Comtomme,Columbus,Georgia,United States,31
Lettuce - Romaine,Fresno,California,United States,93
Pineapple - Regular,Shreveport,Louisiana,United States,52
Wine - Black Tower Qr,Schenectady,New York,United States,57
Papayas,Kansas City,Missouri,United States,24
Wine - Cotes Du Rhone Parallele,Los Angeles,California,United States,84
Bread - 10 Grain,Houston,Texas,United States,74
Beef - Texas Style Burger,Spokane,Washington,United States,56
Icecream - Dstk Strw Chseck,Eugene,Oregon,United States,56
Red Currant Jelly,El Paso,Texas,United States,34
Wine - Riesling Dr. Pauly,Tampa,Florida,United States,88
Butter Ripple - Phillips,San Francisco,California,United States,42
Mountain Dew,Albany,Georgia,United States,28
Knife Plastic - White,Gainesville,Florida,United States,58
Appetizer - Mango Chevre,El Paso,Texas,United States,90
"Wine - White, Gewurtzraminer",Scottsdale,Arizona,United States,54
Chickhen - Chicken Phyllo,New Orleans,Louisiana,United States,29
Compound - Raspberry,El Paso,Texas,United States,94
Energy Drink Red Bull,Pittsburgh,Pennsylvania,United States,51
"Juice - Orange, Concentrate",Hartford,Connecticut,United States,84
Cheese - Cambozola,Amarillo,Texas,United States,66
Container - Clear 16 Oz,San Jose,California,United States,88
Muffin Mix - Carrot,Denver,Colorado,United States,29
Vol Au Vents,Little Rock,Arkansas,United States,5
Scallops - Live In Shell,Kansas City,Missouri,United States,81
Lobster - Tail 6 Oz,Glendale,California,United States,57
Tea - Herbal Orange Spice,Wilmington,North Carolina,United States,58
"Rum - White, Gg White",Van Nuys,California,United States,28
Cherries - Frozen,Indianapolis,Indiana,United States,30
Wooden Mop Handle,Boston,Massachusetts,United States,63
Ginger - Fresh,Fargo,North Dakota,United States,24
Longos - Penne With Pesto,Birmingham,Alabama,United States,21
Lemon Pepper,Dayton,Ohio,United States,35
Chocolate Bar - Reese Pieces,Tucson,Arizona,United States,98
Wine - Barossa Valley Estate,Brooklyn,New York,United States,61
Sauce - Hoisin,Harrisburg,Pennsylvania,United States,18
Coffee - Frthy Coffee Crisp,Metairie,Louisiana,United States,35
Pastry - Mini French Pastries,Albany,New York,United States,36
Chicken - Whole Fryers,Jamaica,New York,United States,41
Syrup - Kahlua Chocolate,Des Moines,Iowa,United States,87
Glycerine,Kansas City,Missouri,United States,73
Wine - Baron De Rothschild,Norfolk,Virginia,United States,19
Extract Vanilla Pure,Dallas,Texas,United States,86
Salt And Pepper Mix - Black,Amarillo,Texas,United States,23
"Nut - Almond, Blanched, Whole",Rochester,New York,United States,28
Wine - Puligny Montrachet A.,Jackson,Mississippi,United States,67
Alize Red Passion,San Antonio,Texas,United States,50
Soup - French Can Pea,El Paso,Texas,United States,21
Cranberries - Dry,Bloomington,Indiana,United States,47
Chervil - Fresh,Pittsburgh,Pennsylvania,United States,6
Cream - 35%,Memphis,Tennessee,United States,59
Shrimp - 100 / 200 Cold Water,Lincoln,Nebraska,United States,89
"Brocolinni - Gaylan, Chinese",Anchorage,Alaska,United States,9
Kellogs Special K Cereal,Prescott,Arizona,United States,45
"Carrots - Purple, Organic",Indianapolis,Indiana,United States,2
Sauce - Oyster,Gainesville,Georgia,United States,23
Bowl 12 Oz - Showcase 92012,Austin,Texas,United States,23
Bay Leaf,Arlington,Virginia,United States,74
Crackers - Soda / Saltins,Palmdale,California,United States,4
Cheese - St. Paulin,Irvine,California,United States,74
Bread Base - Toscano,Memphis,Tennessee,United States,29
Wine - Pinot Noir Stoneleigh,Fort Pierce,Florida,United States,9
"Pepper - Black, Whole",Washington,District of Columbia,United States,84
"Radish - Black, Winter, Organic",Rochester,New York,United States,90
Fuji Apples,New York City,New York,United States,79
English Muffin,Youngstown,Ohio,United States,64
"Wine - Red, Cooking",Hot Springs National Park,Arkansas,United States,57
Compound - Raspberry,Cincinnati,Ohio,United States,27
"Tomatoes - Vine Ripe, Red",Independence,Missouri,United States,73
Wild Boar - Tenderloin,Sterling,Virginia,United States,15
Veal - Loin,Valdosta,Georgia,United States,69
Ecolab - Power Fusion,Miami,Florida,United States,51
Bread - Rye,Laurel,Maryland,United States,84
Onions - Cooking,Huntington,West Virginia,United States,33
Steamers White,Washington,District of Columbia,United States,13
Scrubbie - Scotchbrite Hand Pad,San Antonio,Texas,United States,90
Lychee,San Antonio,Texas,United States,49
Cookie Double Choco,Bronx,New York,United States,14
"Yeast - Fresh, Fleischman",Sterling,Virginia,United States,90
Puree - Passion Fruit,Omaha,Nebraska,United States,30
Extract - Almond,Charlottesville,Virginia,United States,5
Oxtail - Cut,Boston,Massachusetts,United States,94
Bread - White Mini Epi,Shawnee Mission,Kansas,United States,7
Wine - Manischewitz Concord,Philadelphia,Pennsylvania,United States,42
Wine - Alsace Gewurztraminer,Orlando,Florida,United States,9
Crab Brie In Phyllo,Wilkes Barre,Pennsylvania,United States,78
Onions Granulated,Lakeland,Florida,United States,41
Goat - Whole Cut,Boston,Massachusetts,United States,97
Apple - Macintosh,Schenectady,New York,United States,24
"Mushroom - Shitake, Dry",Dallas,Texas,United States,22
Yogurt - Assorted Pack,Bronx,New York,United States,44
Cabbage - Red,Denver,Colorado,United States,50
Flower - Commercial Spider,Colorado Springs,Colorado,United States,40
Olives - Nicoise,Tampa,Florida,United States,69
Pears - Fiorelle,Dallas,Texas,United States,39
Veal - Sweetbread,Pensacola,Florida,United States,75
"Mushroom - Chantrelle, Fresh",Orlando,Florida,United States,38
Oysters - Smoked,Dayton,Ohio,United States,98
Carbonated Water - Raspberry,Grand Rapids,Michigan,United States,53
Pork Casing,Dallas,Texas,United States,49
Mustard - Dijon,Norwalk,Connecticut,United States,69
"Lemonade - Black Cherry, 591 Ml",West Palm Beach,Florida,United States,56
"Juice - Tomato, 48 Oz",Harrisburg,Pennsylvania,United States,64
Veal Inside - Provimi,High Point,North Carolina,United States,48
Sauce - Roasted Red Pepper,Milwaukee,Wisconsin,United States,69
Pate - Peppercorn,Des Moines,Iowa,United States,39
Grapes - Red,New York City,New York,United States,98
Chicken - Whole Roasting,Young America,Minnesota,United States,56
Carbonated Water - White Grape,Des Moines,Iowa,United States,52
Longos - Penne With Pesto,Saint Joseph,Missouri,United States,3
Table Cloth 54x54 Colour,Lexington,Kentucky,United States,63
Pomegranates,Philadelphia,Pennsylvania,United States,12
"Wine - White, Pinot Grigio",Washington,District of Columbia,United States,78
"Pepper - Paprika, Spanish",Baton Rouge,Louisiana,United States,36
Coffee - Almond Amaretto,Cleveland,Ohio,United States,3
"Rum - Light, Captain Morgan",Denver,Colorado,United States,61
Extract - Raspberry,Corpus Christi,Texas,United States,65
Rice Paper,San Francisco,California,United States,82
Sweet Pea Sprouts,Washington,District of Columbia,United States,56
Pork - Inside,New York City,New York,United States,38
"Bread - Roll, Calabrese",Albuquerque,New Mexico,United States,83
"Soup - Knorr, Chicken Noodle",Fresno,California,United States,94
Coffee Caramel Biscotti,Provo,Utah,United States,24
Fenngreek Seed,Washington,District of Columbia,United States,29
"Sprite, Diet - 355ml",Chico,California,United States,72
Capers - Pickled,Spartanburg,South Carolina,United States,13
"Butter - Salted, Micro",New Orleans,Louisiana,United States,34
"Cake Circle, Foil, Scallop",Washington,District of Columbia,United States,18
Amaretto,Davenport,Iowa,United States,70
"Clams - Littleneck, Whole",Macon,Georgia,United States,80
"Gingerale - Schweppes, 355 Ml",Pittsburgh,Pennsylvania,United States,56
Soup - Cream Of Broccoli,New Orleans,Louisiana,United States,81
"Gingerale - Schweppes, 355 Ml",Worcester,Massachusetts,United States,99
Flour - Whole Wheat,Visalia,California,United States,65
Juice - Orange,Carson City,Nevada,United States,78
Oxtail - Cut,Arlington,Texas,United States,54
Creme De Cacao Mcguines,Tulsa,Oklahoma,United States,83
Spice - Pepper Portions,Salt Lake City,Utah,United States,44
Muffin - Banana Nut Individual,Erie,Pennsylvania,United States,36
Sea Urchin,Richmond,Virginia,United States,27
Butter - Unsalted,Manchester,New Hampshire,United States,29
Black Currants,Philadelphia,Pennsylvania,United States,8
Spice - Montreal Steak Spice,Nashville,Tennessee,United States,64
Beef Ground Medium,Tacoma,Washington,United States,74
Pastry - Raisin Muffin - Mini,Toledo,Ohio,United States,3
Wine - Merlot Vina Carmen,Miami,Florida,United States,73
Juice - Prune,Billings,Montana,United States,68
"Brandy - Orange, Mc Guiness",Richmond,Virginia,United States,61
Arrowroot,Saint Louis,Missouri,United States,53
"Halibut - Whole, Fresh",Fort Wayne,Indiana,United States,59
Longan,Seattle,Washington,United States,23
Tea Peppermint,Amarillo,Texas,United States,57
Milkettes - 2%,San Antonio,Texas,United States,100
Vanilla Beans,Lexington,Kentucky,United States,69
Sauce - Ranch Dressing,Santa Fe,New Mexico,United States,99
Shiro Miso,Houston,Texas,United States,16
Eggplant - Baby,Anchorage,Alaska,United States,62
Chocolate - Unsweetened,Clearwater,Florida,United States,22
Muskox - French Rack,Washington,District of Columbia,United States,64
Maintenance Removal Charge,Denver,Colorado,United States,91
Mangoes,Portland,Oregon,United States,72
Cocktail Napkin Blue,Austin,Texas,United States,71
Puree - Passion Fruit,Newark,New Jersey,United States,5
Rice Wine - Aji Mirin,Charlottesville,Virginia,United States,61
Wine - Soave Folonari,Peoria,Illinois,United States,85
Pastry - French Mini Assorted,Tallahassee,Florida,United States,52
The Pop Shoppe - Root Beer,Boston,Massachusetts,United States,59
Flower - Commercial Bronze,Lakeland,Florida,United States,57
"Lamb - Loin, Trimmed, Boneless",New Orleans,Louisiana,United States,40
Cherries - Fresh,Houston,Texas,United States,23
Salt - Sea,Beaumont,Texas,United States,38
Kaffir Lime Leaves,Chattanooga,Tennessee,United States,58
Langers - Ruby Red Grapfruit,Denton,Texas,United States,50
Wine La Vielle Ferme Cote Du,Longview,Texas,United States,18
Wine - Shiraz South Eastern,Birmingham,Alabama,United States,75
"Pepper - Julienne, Frozen",Las Vegas,Nevada,United States,68
"Gingerale - Schweppes, 355 Ml",Glendale,Arizona,United States,10
Butter Balls Salted,Madison,Wisconsin,United States,99
Lettuce - Romaine,Springfield,Illinois,United States,42
Pork - Belly Fresh,Washington,District of Columbia,United States,8
Chambord Royal,Wichita Falls,Texas,United States,84
Figs,Orange,California,United States,3
Table Cloth 62x114 Colour,Irving,Texas,United States,65
"Nestea - Ice Tea, Diet",Des Moines,Iowa,United States,59
Cheese - Cheddar With Claret,Chicago,Illinois,United States,80
Curry Paste - Madras,Port Charlotte,Florida,United States,14
Blackberries,Oceanside,California,United States,13
Water - Spring Water 500ml,Hartford,Connecticut,United States,54
Steam Pan - Half Size Deep,Portland,Maine,United States,71
"Mushroom - Chanterelle, Dry",Columbus,Ohio,United States,89
Napkin - Beverage 1 Ply,Salem,Oregon,United States,19
Onion - Dried,Austin,Texas,United States,31
Olive - Spread Tapenade,San Bernardino,California,United States,33
"Radish - Black, Winter, Organic",Warren,Ohio,United States,27
Cheese - Swiss,Dallas,Texas,United States,61
Jack Daniels,Chicago,Illinois,United States,67
"Roe - Lump Fish, Black",Cape Coral,Florida,United States,5
Coffee - Almond Amaretto,Scottsdale,Arizona,United States,75
Tray - 12in Rnd Blk,Nashville,Tennessee,United States,28
Cinnamon - Ground,Jamaica,New York,United States,66
"Sauce - Soya, Light",Newark,Delaware,United States,15
Cardamon Seed / Pod,Minneapolis,Minnesota,United States,38
Salt And Pepper Mix - Black,Atlanta,Georgia,United States,40
"Beef - Tenderlion, Center Cut",Dayton,Ohio,United States,89
Turnip - Wax,Lafayette,Indiana,United States,72
Huck White Towels,Yakima,Washington,United States,72
Initation Crab Meat,Buffalo,New York,United States,2
Scallops - 10/20,San Bernardino,California,United States,97
Beans - French,New York City,New York,United States,50
Peach - Halves,Riverside,California,United States,90
Soup - Campbells Mac N Cheese,Albany,New York,United States,40
"Napkin - Cocktail,beige 2 - Ply",Jefferson City,Missouri,United States,42
English Muffin,Huntington,West Virginia,United States,80
Tea - Honey Green Tea,Salt Lake City,Utah,United States,59
Puree - Guava,Fort Collins,Colorado,United States,55
"Beef - Outside, Round",Memphis,Tennessee,United States,3
Bread - Olive,Mobile,Alabama,United States,23
Kaffir Lime Leaves,Milwaukee,Wisconsin,United States,100
Sausage - Breakfast,Pasadena,California,United States,44
Oxtail - Cut,Indianapolis,Indiana,United States,56
Eggplant - Baby,Portland,Oregon,United States,58
Salmon - Fillets,Akron,Ohio,United States,2
Potatoes - Peeled,Greensboro,North Carolina,United States,48
Appetizer - Sausage Rolls,Lake Worth,Florida,United States,77
Calvados - Boulard,Spring Hill,Florida,United States,88
Heavy Duty Dust Pan,Fort Lauderdale,Florida,United States,53
"Doilies - 12, Paper",Wilmington,Delaware,United States,38
"Beans - Kidney, Red Dry",Portland,Oregon,United States,84
"Bread - Roll, Soft White Round",Saint Louis,Missouri,United States,87
Water Chestnut - Canned,Cheyenne,Wyoming,United States,14
"Turkey - Breast, Boneless Sk On",Hialeah,Florida,United States,40
Juice - Cranberry 284ml,Knoxville,Tennessee,United States,48
Dill Weed - Fresh,Albuquerque,New Mexico,United States,32
Butcher Twine 4r,Anaheim,California,United States,82
Shrimp - Black Tiger 26/30,Kansas City,Missouri,United States,95
Monkfish Fresh - Skin Off,New Orleans,Louisiana,United States,92
"Tortillas - Flour, 12",Anaheim,California,United States,52
Marjoram - Fresh,Saint Cloud,Minnesota,United States,79
"Veal - Leg, Provimi - 50 Lb Max",Greenville,South Carolina,United States,10
Juice - Mango,Scranton,Pennsylvania,United States,11
Coriander - Seed,Houston,Texas,United States,99
Molasses - Fancy,Charleston,West Virginia,United States,23
"Pork - Sausage, Medium",Hialeah,Florida,United States,73
Oil - Margarine,Rockford,Illinois,United States,49
Slt - Individual Portions,Washington,District of Columbia,United States,5
Bay Leaf,Las Vegas,Nevada,United States,27
"Pasta - Fett Alfredo, Single Serve",Washington,District of Columbia,United States,34
Clams - Bay,Dayton,Ohio,United States,62
Wine - Pinot Noir Mondavi Coastal,Topeka,Kansas,United States,56
Ginger - Fresh,Clearwater,Florida,United States,34
Bamboo Shoots - Sliced,Green Bay,Wisconsin,United States,58
Green Tea Refresher,Tucson,Arizona,United States,31
Port - 74 Brights,Lees Summit,Missouri,United States,88
Pastry - Plain Baked Croissant,El Paso,Texas,United States,58
Tomato - Plum With Basil,Aiken,South Carolina,United States,61
"Shrimp - 16/20, Peeled Deviened",Corona,California,United States,79
Cup Translucent 9 Oz,Apache Junction,Arizona,United States,34
"Bread - Roll, Whole Wheat",Aurora,Colorado,United States,78
Sage Derby,Bethlehem,Pennsylvania,United States,70
Rhubarb,Waterloo,Iowa,United States,48
"Salmon - Atlantic, No Skin",Evansville,Indiana,United States,9
Cup - Paper 10oz 92959,Huntsville,Alabama,United States,76
Beer - Creemore,Huntington,West Virginia,United States,42
"Yogurt - Banana, 175 Gr",Mobile,Alabama,United States,82
Tomatoes - Grape,Indianapolis,Indiana,United States,48
Lettuce - Boston Bib,Rochester,Minnesota,United States,91
"Coke - Diet, 355 Ml",Los Angeles,California,United States,47
Soup - Campbells Bean Medley,Chicago,Illinois,United States,17
Clams - Canned,Mobile,Alabama,United States,61
Tomato Puree,Petaluma,California,United States,52
Lettuce - Baby Salad Greens,Vienna,Virginia,United States,54
Chutney Sauce,Sacramento,California,United States,28
"Glass - Wine, Plastic, Clear 5 Oz",Orlando,Florida,United States,73
Island Oasis - Magarita Mix,Loretto,Minnesota,United States,34
Cake - Miini Cheesecake Cherry,Saint Louis,Missouri,United States,72
"Veal - Brisket, Provimi,bnls",Melbourne,Florida,United States,54
"Trout - Hot Smkd, Dbl Fillet",Henderson,Nevada,United States,20
"Juice - Grape, White",Bellevue,Washington,United States,74
Potatoes - Mini White 3 Oz,Miami,Florida,United States,66
Steampan - Half Size Shallow,Denver,Colorado,United States,96
"Marsala - Sperone, Fine, D.o.c.",Tulsa,Oklahoma,United States,8
"Iced Tea - Lemon, 460 Ml",Austin,Texas,United States,78
Island Oasis - Cappucino Mix,Grand Junction,Colorado,United States,70
Lettuce - Lambs Mash,Prescott,Arizona,United States,16
Crab - Soft Shell,Pueblo,Colorado,United States,94
"Wine - White, Mosel Gold",Winston Salem,North Carolina,United States,9
Dill Weed - Dry,Long Beach,California,United States,55
Vinegar - White,Los Angeles,California,United States,47
Ocean Spray - Kiwi Strawberry,Albuquerque,New Mexico,United States,97
Wine - Cousino Macul Antiguas,Phoenix,Arizona,United States,85
Puree - Strawberry,Katy,Texas,United States,69
Wine - Ruffino Chianti Classico,San Antonio,Texas,United States,32
Vinegar - Rice,Milwaukee,Wisconsin,United States,80
"Yogurt - Raspberry, 175 Gr",Port Charlotte,Florida,United States,37
Pie Box - Cello Window 2.5,Tacoma,Washington,United States,79
Mushroom - Crimini,Tacoma,Washington,United States,10
Bols Melon Liqueur,Pittsburgh,Pennsylvania,United States,88
Beef - Top Butt,Columbus,Georgia,United States,78
"Mushroom - Enoki, Fresh",Orlando,Florida,United States,82
Ecolab Crystal Fusion,Seattle,Washington,United States,64
Wine - Taylors Reserve,San Antonio,Texas,United States,62
Mushroom - Crimini,Cincinnati,Ohio,United States,64
Gherkin,New York City,New York,United States,80
V8 Pet,Arvada,Colorado,United States,5
"Capon - Breast, Double, Wing On",El Paso,Texas,United States,89
Pasta - Agnolotti - Butternut,New York City,New York,United States,28
Flavouring Vanilla Artificial,New York City,New York,United States,79
Oil - Hazelnut,Staten Island,New York,United States,41
Wonton Wrappers,Sunnyvale,California,United States,84
Dawn Professionl Pot And Pan,El Paso,Texas,United States,73
Potatoes - Yukon Gold 5 Oz,San Jose,California,United States,25
Lambcasing,Columbus,Ohio,United States,54
Plasticspoonblack,Riverside,California,United States,49
Milk - Chocolate 250 Ml,Arlington,Texas,United States,10
Silicone Paper 16.5x24,Beaumont,Texas,United States,29
Sweet Pea Sprouts,Carlsbad,California,United States,66
Energy Drink,North Little Rock,Arkansas,United States,68
Table Cloth 90x90 Colour,Atlanta,Georgia,United States,92
V8 - Berry Blend,Birmingham,Alabama,United States,93
"Juice - Apple, 500 Ml",El Paso,Texas,United States,88
Cake Slab,Atlanta,Georgia,United States,84
Tamarillo,Tulsa,Oklahoma,United States,69
Wine - Champagne Brut Veuve,Richmond,Virginia,United States,28
"Beans - Kidney, Canned",Birmingham,Alabama,United States,22
"Pasta - Fettuccine, Dry",Kansas City,Missouri,United States,26
Wine - Chateau Bonnet,Charleston,South Carolina,United States,31
Lamb - Whole Head Off,Dallas,Texas,United States,63
"Soup - Campbells, Butternut",El Paso,Texas,United States,15
Steel Wool S.o.s,Hollywood,Florida,United States,78
Cranberries - Frozen,Charlotte,North Carolina,United States,76
"Rum - Dark, Bacardi, Black",Columbus,Ohio,United States,29
Cakes Assorted,Washington,District of Columbia,United States,6
Beer - Sleemans Cream Ale,Richmond,Virginia,United States,72
Versatainer Nc - 9388,Durham,North Carolina,United States,49
"Wine - Red, Colio Cabernet",Las Vegas,Nevada,United States,25
Syrup - Kahlua Chocolate,Santa Cruz,California,United States,12
Pork - Belly Fresh,Honolulu,Hawaii,United States,37
Ice Cream - Chocolate,Chicago,Illinois,United States,59
Honey - Lavender,Orlando,Florida,United States,17
"Cod - Salted, Boneless",Las Vegas,Nevada,United States,97
Grapes - Red,Miami Beach,Florida,United States,86
"Juice - Tomato, 10 Oz",Madison,Wisconsin,United States,83
Flower - Commercial Spider,San Diego,California,United States,98
Melon - Honey Dew,Omaha,Nebraska,United States,23
Mangoes,Scranton,Pennsylvania,United States,20
Potatoes - Mini White 3 Oz,Albuquerque,New Mexico,United States,34
Chocolate - Liqueur Cups With Foil,Oxnard,California,United States,27
"Beef - Roasted, Cooked",Akron,Ohio,United States,49
Spic And Span All Purpose,Eugene,Oregon,United States,5
Wine - Magnotta - Belpaese,Mobile,Alabama,United States,26
Longos - Greek Salad,Shawnee Mission,Kansas,United States,2
"Cheese - Romano, Grated",Oklahoma City,Oklahoma,United States,19
Tandoori Curry Paste,Riverside,California,United States,10
Lid Tray - 16in Dome,Orlando,Florida,United States,4
Compound - Mocha,Terre Haute,Indiana,United States,7
Bread Roll Foccacia,Herndon,Virginia,United States,13
Chinese Foods - Chicken Wing,Saint Louis,Missouri,United States,74
Ecolab - Lime - A - Way 4/4 L,Berkeley,California,United States,23
Sansho Powder,Tacoma,Washington,United States,63
Rootbeer,Kissimmee,Florida,United States,76
Flax Seed,Cincinnati,Ohio,United States,16
Tomatoes - Cherry,Fresno,California,United States,97
V8 Pet,Topeka,Kansas,United States,82
"Wine - Red, Wolf Blass, Yellow",Washington,District of Columbia,United States,96
Langers - Mango Nectar,Salt Lake City,Utah,United States,66
Coffee - Frthy Coffee Crisp,Carson City,Nevada,United States,50
Juice - Orange 1.89l,Everett,Washington,United States,59
Walkers Special Old Whiskey,South Bend,Indiana,United States,38
Soup - Campbells - Chicken Noodle,Rochester,New York,United States,36
Soup Bowl Clear 8oz92008,Metairie,Louisiana,United States,28
Rye Special Old,Portland,Oregon,United States,68
Beef Ground Medium,Clearwater,Florida,United States,27
French Kiss Vanilla,Washington,District of Columbia,United States,20
Muffin Carrot - Individual,Sioux Falls,South Dakota,United States,41
Wine - Ej Gallo Sierra Valley,North Little Rock,Arkansas,United States,90
Campari,San Antonio,Texas,United States,54
Spice - Onion Powder Granulated,Miami,Florida,United States,62
"Wine - Red, Gallo, Merlot",Utica,New York,United States,2
Wine - Acient Coast Caberne,Columbia,Missouri,United States,69
Turnip - White,Newark,New Jersey,United States,27
Bouq All Italian - Primerba,Pittsburgh,Pennsylvania,United States,13
Lamb - Shoulder,Los Angeles,California,United States,35
Spice - Paprika,Springfield,Illinois,United States,95
Irish Cream - Butterscotch,Fort Lauderdale,Florida,United States,28
"Wine - Cahors Ac 2000, Clos",Memphis,Tennessee,United States,87
Pastry - French Mini Assorted,Portland,Oregon,United States,4
Longos - Cheese Tortellini,Albany,Georgia,United States,61
Curry Paste - Madras,Boise,Idaho,United States,20
Wine - Casillero Deldiablo,Largo,Florida,United States,83
Longos - Chicken Caeser Salad,New Orleans,Louisiana,United States,61
Broom - Corn,Houston,Texas,United States,88
"Cup - 3.5oz, Foam",Idaho Falls,Idaho,United States,3
Cheese - Stilton,Inglewood,California,United States,25
"Sugar - Sweet N Low, Individual",New York City,New York,United States,21
Muffin Mix - Lemon Cranberry,Washington,District of Columbia,United States,61
"Vodka - Hot, Lnferno",Raleigh,North Carolina,United States,29
Pastry - Cheese Baked Scones,Wilmington,Delaware,United States,80
Prunes - Pitted,Frederick,Maryland,United States,12
"Quail - Whole, Bone - In",Harrisburg,Pennsylvania,United States,19
Chicken - White Meat With Tender,El Paso,Texas,United States,63
Beef - Short Loin,Richmond,Virginia,United States,97
Marjoram - Fresh,Tyler,Texas,United States,62
Mushroom - Crimini,Buffalo,New York,United States,95
Rosemary - Dry,New Orleans,Louisiana,United States,98
Bread - Hot Dog Buns,Washington,District of Columbia,United States,42
Chips Potato Salt Vinegar 43g,Provo,Utah,United States,32
Squash - Guords,Toledo,Ohio,United States,23
Lid Coffeecup 12oz D9542b,Flint,Michigan,United States,22
"Napkin - Cocktail,beige 2 - Ply",Phoenix,Arizona,United States,63
Chicken - Leg / Back Attach,Salem,Oregon,United States,54
Kellogs All Bran Bars,Lexington,Kentucky,United States,67
Potato - Sweet,Cleveland,Ohio,United States,3
Coffee - Decafenated,San Francisco,California,United States,64
Cake - Mini Cheesecake,Worcester,Massachusetts,United States,16
Pepper - Scotch Bonnet,Wilmington,Delaware,United States,41
Remy Red,Irvine,California,United States,20
Tart - Butter Plain Squares,Newark,Delaware,United States,23
Sauce - Rosee,Santa Monica,California,United States,6
Bagel - 12 Grain Preslice,Gary,Indiana,United States,15
Propel Sport Drink,San Jose,California,United States,35
"Veal - Brisket, Provimi, Bone - In",Paterson,New Jersey,United States,51
Wine - Shiraz Wolf Blass Premium,Denver,Colorado,United States,92
Chutney Sauce - Mango,Baton Rouge,Louisiana,United States,69
Glass Clear 8 Oz,Oakland,California,United States,96
Spring Roll Wrappers,Tucson,Arizona,United States,74
Lobster - Canned Premium,Crawfordsville,Indiana,United States,42
Cup Translucent 9 Oz,Waterbury,Connecticut,United States,87
Muffin - Zero Transfat,Little Rock,Arkansas,United States,21
Lemon Pepper,Washington,District of Columbia,United States,56
Beer - Upper Canada Lager,Allentown,Pennsylvania,United States,77
Shichimi Togarashi Peppeers,Glendale,California,United States,20
White Baguette,Flushing,New York,United States,74
Beer - Upper Canada Light,Arlington,Texas,United States,21
Pur Value,Charleston,West Virginia,United States,20
Wine - Peller Estates Late,Greensboro,North Carolina,United States,28
Noodles - Steamed Chow Mein,Roanoke,Virginia,United States,97
Turkey - Ground. Lean,Vancouver,Washington,United States,76
Neckerchief Blck,Newport News,Virginia,United States,30
Pants Custom Dry Clean,Levittown,Pennsylvania,United States,38
"7up Diet, 355 Ml",Redwood City,California,United States,33
Browning Caramel Glace,Washington,District of Columbia,United States,17
"Sauce - Black Current, Dry Mix",Las Vegas,Nevada,United States,51
Bread - Assorted Rolls,Washington,District of Columbia,United States,40
Wine - Sogrape Mateus Rose,Colorado Springs,Colorado,United States,28
Truffle Cups - Brown,Anniston,Alabama,United States,41
Gatorade - Xfactor Berry,Cheyenne,Wyoming,United States,27
Yeast Dry - Fermipan,Washington,District of Columbia,United States,23
Soup Campbells Split Pea And Ham,Chicago,Illinois,United States,99
Pasta - Agnolotti - Butternut,Washington,District of Columbia,United States,23
White Fish - Filets,Cedar Rapids,Iowa,United States,66
Cheese - Parmesan Cubes,Whittier,California,United States,35
Cheese - Parmesan Cubes,Amarillo,Texas,United States,58
Carbonated Water - Blackberry,Brooklyn,New York,United States,95
Wine - Shiraz Wolf Blass Premium,New Hyde Park,New York,United States,35
Red Currant Jelly,Tucson,Arizona,United States,16
Apricots - Halves,Rochester,Minnesota,United States,39
Pork - Liver,Newark,Delaware,United States,11
"Turkey - Breast, Bone - In",Rochester,New York,United States,22
"Soup - Campbells, Minestrone",Whittier,California,United States,64
Cheese - Comtomme,Houston,Texas,United States,97
Pastry - Choclate Baked,Virginia Beach,Virginia,United States,89
Raspberries - Frozen,Hartford,Connecticut,United States,93
Boogies,Dayton,Ohio,United States,31
Cheese - Brick With Onion,Santa Monica,California,United States,77
"Seedlings - Buckwheat, Organic",Aurora,Colorado,United States,33
Muffin Batt - Carrot Spice,Savannah,Georgia,United States,83
Table Cloth 90x90 Colour,San Bernardino,California,United States,80
Bread - Pita,Denver,Colorado,United States,64
Pear - Prickly,Minneapolis,Minnesota,United States,43
Muffin Hinge - 211n,Muncie,Indiana,United States,74
"Bread - Pullman, Sliced",San Antonio,Texas,United States,78
Bag - Clear 7 Lb,Las Vegas,Nevada,United States,16
Cake - Cheese Cake 9 Inch,Pomona,California,United States,72
Cheese - Cottage Cheese,Charlotte,North Carolina,United States,38
Lettuce - Sea / Sea Asparagus,Naples,Florida,United States,48
Pork - Smoked Kassler,Buffalo,New York,United States,35
"Tortillas - Flour, 8",Charlotte,North Carolina,United States,48
Cornstarch,Fresno,California,United States,95
Cleaner - Lime Away,Birmingham,Alabama,United States,56
Tuna - Bluefin,Seattle,Washington,United States,89
Coffee Cup 12oz 5342cd,New Haven,Connecticut,United States,43
Chocolate Bar - Smarties,Louisville,Kentucky,United States,99
Pork - Smoked Kassler,Tucson,Arizona,United States,7
Coconut - Whole,Columbus,Ohio,United States,6
Beef - Ox Tongue,York,Pennsylvania,United States,48
"Chilli Paste, Ginger Garlic",San Mateo,California,United States,19
Basil - Fresh,Albany,New York,United States,60
Pie Shells 10,Hartford,Connecticut,United States,15
Butter Balls Salted,Wilkes Barre,Pennsylvania,United States,61
"Vermouth - Sweet, Cinzano",New York City,New York,United States,83
Nougat - Paste / Cream,Houston,Texas,United States,40
Chocolate - Feathers,Norcross,Georgia,United States,62
Flour - Strong Pizza,El Paso,Texas,United States,22
Pails With Lids,Jefferson City,Missouri,United States,95
Pork - Backfat,Winston Salem,North Carolina,United States,58
"Shrimp - 16/20, Peeled Deviened",Oklahoma City,Oklahoma,United States,61
Yoplait Drink,Stamford,Connecticut,United States,46
Foil - 4oz Custard Cup,Reno,Nevada,United States,66
Coffee Guatemala Dark,Buffalo,New York,United States,68
Graham Cracker Mix,Mansfield,Ohio,United States,95
Versatainer Nc - 8288,Portland,Oregon,United States,18
"Shrimp - 16/20, Peeled Deviened",Houston,Texas,United States,79
Sauce Tomato Pouch,Syracuse,New York,United States,17
Chinese Foods - Thick Noodles,Washington,District of Columbia,United States,66
Fish - Bones,Boston,Massachusetts,United States,55
"Chilli Paste, Hot Sambal Oelek",Austin,Texas,United States,52
Sproutsmustard Cress,Miami,Florida,United States,76
Wine - Penfolds Koonuga Hill,Aurora,Illinois,United States,77
"Pork - Butt, Boneless",Greensboro,North Carolina,United States,84
Cape Capensis - Fillet,Washington,District of Columbia,United States,68
Kolrabi,Fort Lauderdale,Florida,United States,69
Onions Granulated,Jamaica,New York,United States,63
Lettuce - Treviso,Whittier,California,United States,72
"Lemonade - Kiwi, 591 Ml",Atlanta,Georgia,United States,73
Mints - Striped Red,East Saint Louis,Illinois,United States,63
Chocolate - Feathers,Aurora,Colorado,United States,76
"Wine - White, Ej",Fresno,California,United States,85
"Pepper - Green, Chili",Evansville,Indiana,United States,98
Tea - Camomele,Albany,New York,United States,71
"Chocolate - Milk, Callets",Waco,Texas,United States,65
"Cheese - Boursin, Garlic / Herbs",Houston,Texas,United States,2
Pork Salted Bellies,Omaha,Nebraska,United States,23
"Lemonade - Natural, 591 Ml",Largo,Florida,United States,98
Wine - Malbec Trapiche Reserve,Phoenix,Arizona,United States,41
Sage - Fresh,Washington,District of Columbia,United States,70
Soup - Campbells Beef Strogonoff,Savannah,Georgia,United States,85
Goldschalger,Saint Paul,Minnesota,United States,40
Grapefruit - Pink,Orlando,Florida,United States,19
Bread - Rye,Dallas,Texas,United States,13
Tray - 16in Rnd Blk,Fresno,California,United States,12
Tomatoes,Corpus Christi,Texas,United States,40
Longos - Chicken Caeser Salad,Dallas,Texas,United States,17
"Coconut - Creamed, Pure",Waco,Texas,United States,60
Cranberries - Fresh,Rochester,New York,United States,25
Soup - Campbells,Austin,Texas,United States,24
Tumeric,Erie,Pennsylvania,United States,3
Lamb - Loin Chops,Boise,Idaho,United States,71
"Sauce - Apple, Unsweetened",Portland,Oregon,United States,39
"Veal - Brisket, Provimi,bnls",Reno,Nevada,United States,95
Chives - Fresh,Miami,Florida,United States,2
Beer - Sleemans Cream Ale,Erie,Pennsylvania,United States,51
Onions - Cippolini,Dallas,Texas,United States,18
Banana - Leaves,Schaumburg,Illinois,United States,42
Carroway Seed,Glendale,Arizona,United States,35
Rice - Sushi,Dallas,Texas,United States,100
Ecolab Digiclean Mild Fm,Washington,District of Columbia,United States,34
Salmon Atl.whole 8 - 10 Lb,Mobile,Alabama,United States,20
Table Cloth 81x81 White,Jackson,Mississippi,United States,9
Steamers White,Louisville,Kentucky,United States,85
"Syrup - Monin, Amaretta",San Diego,California,United States,88
Coffee - Egg Nog Capuccino,Gainesville,Georgia,United States,10
Sherbet - Raspberry,Lakeland,Florida,United States,72
"Quail - Eggs, Fresh",Waterbury,Connecticut,United States,92
Foil - Round Foil,Cleveland,Ohio,United States,51
Lamb - Loin Chops,Lincoln,Nebraska,United States,44
Pasta - Orecchiette,Santa Rosa,California,United States,13
Vinegar - Tarragon,Kansas City,Missouri,United States,94
Tea - Vanilla Chai,Louisville,Kentucky,United States,35
Beef - Prime Rib Aaa,Sioux Falls,South Dakota,United States,18
Kaffir Lime Leaves,Jamaica,New York,United States,57
Appetizer - Escargot Puff,Midland,Michigan,United States,39
"Nut - Walnut, Pieces",Huntington,West Virginia,United States,72
Macaroons - Homestyle Two Bit,San Diego,California,United States,8
Pastry - Apple Large,Little Rock,Arkansas,United States,4
Jolt Cola - Electric Blue,Gulfport,Mississippi,United States,44
Beef Flat Iron Steak,Denver,Colorado,United States,88
"Veal - Inside Round / Top, Lean",San Francisco,California,United States,90
Squid U5 - Thailand,Louisville,Kentucky,United States,97
Broom - Angled,Bonita Springs,Florida,United States,7
Puree - Mango,Oklahoma City,Oklahoma,United States,48
Wine - Spumante Bambino White,Tulsa,Oklahoma,United States,12
Flour Dark Rye,Tulsa,Oklahoma,United States,88
Beans - Butter Lrg Lima,Roanoke,Virginia,United States,43
Grenadillo,Billings,Montana,United States,8
"Pepper - Black, Whole",Schaumburg,Illinois,United States,30
Grapefruit - White,Santa Clara,California,United States,6
Kiwi Gold Zespri,Levittown,Pennsylvania,United States,67
Banana - Green,Birmingham,Alabama,United States,38
Beer - Labatt Blue,Sacramento,California,United States,85
Muffin Chocolate Individual Wrap,Amarillo,Texas,United States,59
Ezy Change Mophandle,Evansville,Indiana,United States,3
Wine - Shiraz South Eastern,Tulsa,Oklahoma,United States,90
"Pasta - Rotini, Dry",Providence,Rhode Island,United States,48
Wine - Cabernet Sauvignon,Corpus Christi,Texas,United States,60
Beer - Pilsner Urquell,Alexandria,Virginia,United States,53
Pineapple - Golden,Louisville,Kentucky,United States,87
Olives - Kalamata,Rochester,New York,United States,20
"Sparkling Wine - Rose, Freixenet",New Bedford,Massachusetts,United States,92
"Beef - Rib Roast, Cap On",Stockton,California,United States,11
Lamb - Shanks,Oklahoma City,Oklahoma,United States,59
Cookie Dough - Oatmeal Rasin,Nashville,Tennessee,United States,9
Pastry - Raisin Muffin - Mini,Warren,Ohio,United States,10
Swordfish Loin Portions,Portsmouth,New Hampshire,United States,40
Wine - Stoneliegh Sauvignon,Aiken,South Carolina,United States,61
Vanilla Beans,Los Angeles,California,United States,69
Beer - Molson Excel,Chicago,Illinois,United States,65
Ice Cream Bar - Oreo Cone,Odessa,Texas,United States,40
Pork - Bones,Salt Lake City,Utah,United States,70
"Cake Circle, Paprus",Washington,District of Columbia,United States,26
Skirt - 29 Foot,Oklahoma City,Oklahoma,United States,46
"Doilies - 8, Paper",Youngstown,Ohio,United States,47
"Beef - Baby, Liver",Rochester,New York,United States,2
Savory,Savannah,Georgia,United States,25
Peppercorns - Pink,Kansas City,Missouri,United States,23
Wine - Sauvignon Blanc,Sacramento,California,United States,80
Bandage - Flexible Neon,Louisville,Kentucky,United States,89
Cranberry Foccacia,Tampa,Florida,United States,80
Bacardi Breezer - Tropical,Irvine,California,United States,53
Puree - Guava,Escondido,California,United States,64
Shrimp - 100 / 200 Cold Water,New York City,New York,United States,94
Lemon Balm - Fresh,Miami,Florida,United States,79
Orange Roughy 6/8 Oz,Salt Lake City,Utah,United States,71
Capers - Ox Eye Daisy,Macon,Georgia,United States,75
Foie Gras,Peoria,Illinois,United States,25
Tequila - Sauza Silver,Rockford,Illinois,United States,71
Puff Pastry - Slab,Houston,Texas,United States,37
Ham - Cooked,Denver,Colorado,United States,55
Chicken - Base,Portland,Oregon,United States,21
Lettuce - Radicchio,Sacramento,California,United States,25
Longos - Lasagna Beef,Chicago,Illinois,United States,13
Cinnamon Buns Sticky,Austin,Texas,United States,83
Spinach - Spinach Leaf,Camden,New Jersey,United States,40
Beans - Kidney White,San Antonio,Texas,United States,92
"Wine - White, Concha Y Toro",Jefferson City,Missouri,United States,28
Relish,San Jose,California,United States,48
Table Cloth 54x72 White,San Jose,California,United States,50
Cookies - Fortune,Charlotte,North Carolina,United States,8
Cocoa Butter,Chico,California,United States,70
"Soda Water - Club Soda, 355 Ml",El Paso,Texas,United States,22
Extract - Raspberry,Fort Smith,Arkansas,United States,29
Rye Special Old,El Paso,Texas,United States,44
Beef Wellington,Louisville,Kentucky,United States,68
Spinach - Spinach Leaf,Grand Rapids,Michigan,United States,30
Yucca,Whittier,California,United States,94
"Lamb - Whole, Fresh",Kansas City,Missouri,United States,27
Baking Powder,Norfolk,Virginia,United States,28
Breadfruit,Nashville,Tennessee,United States,61
Chicken Giblets,Hollywood,Florida,United States,74
Oysters - Smoked,Garden Grove,California,United States,14
Wine La Vielle Ferme Cote Du,San Francisco,California,United States,86
Apricots Fresh,Bakersfield,California,United States,41
Sobe - Tropical Energy,Oklahoma City,Oklahoma,United States,98
Table Cloth 90x90 Colour,Roanoke,Virginia,United States,51
Bagel - Sesame Seed Presliced,Madison,Wisconsin,United States,59
Foam Espresso Cup Plain White,White Plains,New York,United States,37
Veal - Inside,Modesto,California,United States,77
Glass Clear 8 Oz,Boca Raton,Florida,United States,60
Graham Cracker Mix,Providence,Rhode Island,United States,94
Chinese Lemon Pork,New Haven,Connecticut,United States,18
Beef Cheek Fresh,Chicago,Illinois,United States,16
Shrimp - Black Tiger 16/20,Phoenix,Arizona,United States,31
Calypso - Lemonade,Seattle,Washington,United States,5
Honey - Liquid,Kansas City,Kansas,United States,46
Mushroom - Portebello,Little Rock,Arkansas,United States,38
Baking Powder,Saint Louis,Missouri,United States,10
"Cod - Salted, Boneless",Valdosta,Georgia,United States,32
"Cheese - Brie, Triple Creme",Pasadena,California,United States,15
"Pork - Tenderloin, Frozen",Des Moines,Iowa,United States,92
"Wine - Bourgogne 2002, La",Little Rock,Arkansas,United States,11
Bread - Italian Sesame Poly,Allentown,Pennsylvania,United States,61
"Jam - Marmalade, Orange",Indianapolis,Indiana,United States,92
Lid - 16 Oz And 32 Oz,Anchorage,Alaska,United States,7
Arizona - Plum Green Tea,Dayton,Ohio,United States,68
Brandy - Bar,Sioux City,Iowa,United States,47
Shark - Loin,Greensboro,North Carolina,United States,52
Chinese Lemon Pork,Milwaukee,Wisconsin,United States,45
Tuna - Bluefin,Clearwater,Florida,United States,20
Smoked Tongue,Chicago,Illinois,United States,49
"Glass - Wine, Plastic, Clear 5 Oz",Sacramento,California,United States,27
Walkers Special Old Whiskey,Atlanta,Georgia,United States,74
Broom - Push,Tampa,Florida,United States,5
Wine - Jackson Triggs Okonagan,Moreno Valley,California,United States,83
"Syrup - Monin, Swiss Choclate",Savannah,Georgia,United States,80
Vaccum Bag 10x13,Sacramento,California,United States,73
Extract - Raspberry,Amarillo,Texas,United States,28
Maple Syrup,Asheville,North Carolina,United States,99
Rambutan,Modesto,California,United States,78
Cheese - Gouda,Lansing,Michigan,United States,80
Squid - U 5,Washington,District of Columbia,United States,12
Pork - Belly Fresh,Arlington,Virginia,United States,96
Flower - Daisies,Washington,District of Columbia,United States,37
Versatainer Nc - 8288,Hartford,Connecticut,United States,79
"Shrimp - 16 - 20 Cooked, Peeled",Pittsburgh,Pennsylvania,United States,9
Devonshire Cream,Monticello,Minnesota,United States,69
Beer - Camerons Cream Ale,Salt Lake City,Utah,United States,29
"Tortillas - Flour, 8",Juneau,Alaska,United States,29
"Beef - Cooked, Corned",Springfield,Massachusetts,United States,20
Cinnamon - Ground,Roanoke,Virginia,United States,86
Alize Gold Passion,Louisville,Kentucky,United States,63
Cheese - Ricotta,Boise,Idaho,United States,79
Halibut - Steaks,Fresno,California,United States,34
Wine - Segura Viudas Aria Brut,Silver Spring,Maryland,United States,6
Cleaner - Lime Away,Omaha,Nebraska,United States,100
Wine - Wyndham Estate Bin 777,Portsmouth,New Hampshire,United States,66
Kiwi Gold Zespri,Whittier,California,United States,31
Plums - Red,Charleston,West Virginia,United States,96
"Club Soda - Schweppes, 355 Ml",Hayward,California,United States,24
Beer - True North Strong Ale,Fayetteville,North Carolina,United States,53
"Club Soda - Schweppes, 355 Ml",Odessa,Texas,United States,89
Nori Sea Weed - Gold Label,Miami,Florida,United States,8
Corn Kernels - Frozen,Oklahoma City,Oklahoma,United States,76
Corn - Mini,Toledo,Ohio,United States,28
Brandy Apricot,Saint Petersburg,Florida,United States,23
Bread Roll Foccacia,Buffalo,New York,United States,58
"Beef - Roasted, Cooked",Des Moines,Iowa,United States,39
Artichoke - Fresh,Philadelphia,Pennsylvania,United States,96
Ham - Cooked Bayonne Tinned,San Francisco,California,United States,34
Meldea Green Tea Liquor,Spokane,Washington,United States,89
Pecan Raisin - Tarts,Columbia,Missouri,United States,77
Evaporated Milk - Skim,Tyler,Texas,United States,75
French Pastries,Miami,Florida,United States,73
"Gin - Gilbeys London, Dry",Las Vegas,Nevada,United States,88
"Capon - Breast, Double, Wing On",Homestead,Florida,United States,50
"Schnappes - Peach, Walkers",Cleveland,Ohio,United States,73
Caviar - Salmon,Cincinnati,Ohio,United States,100
Wine - Tio Pepe Sherry Fino,San Antonio,Texas,United States,41
Pears - Bosc,Dallas,Texas,United States,47
"Salmon - Atlantic, Fresh, Whole",Charlotte,North Carolina,United States,48
Fib N9 - Prague Powder,Panama City,Florida,United States,46
Bread Crumbs - Panko,Tucson,Arizona,United States,19
Bandage - Fexible 1x3,Pittsburgh,Pennsylvania,United States,84
Chicken - Tenderloin,Monticello,Minnesota,United States,2
Extract - Lemon,Nashville,Tennessee,United States,52
Wild Boar - Tenderloin,Sterling,Virginia,United States,75
Pate Pans Yellow,Honolulu,Hawaii,United States,25
"Beef - Ox Tongue, Pickled",Flint,Michigan,United States,82
Sauce - Hp,Philadelphia,Pennsylvania,United States,61
Nut - Macadamia,Reston,Virginia,United States,3
"Placemat - Scallop, White",Dallas,Texas,United States,8
Cornish Hen,Oklahoma City,Oklahoma,United States,92
Cheese - Oka,Fresno,California,United States,68
Muffin - Banana Nut Individual,Paterson,New Jersey,United States,92
Ice Cream - Fudge Bars,Camden,New Jersey,United States,70
Wine - Chateau Bonnet,Sandy,Utah,United States,54
"Vermacelli - Sprinkles, Assorted",Bridgeport,Connecticut,United States,96
Ecolab - Lime - A - Way 4/4 L,Modesto,California,United States,96
Beef - Kobe Striploin,Johnson City,Tennessee,United States,41
Beef - Ground Lean Fresh,Manchester,New Hampshire,United States,62
Cookie Dough - Chunky,Danbury,Connecticut,United States,62
Cranberries - Dry,Shawnee Mission,Kansas,United States,100
Beer - Paulaner Hefeweisse,Delray Beach,Florida,United States,91
"Juice - Grape, White",Brooklyn,New York,United States,45
Table Cloth 72x144 White,Tuscaloosa,Alabama,United States,6
"Juice - Cranberry, 341 Ml",Billings,Montana,United States,49
Longos - Grilled Veg Sandwiches,Long Beach,California,United States,81
"Pail - 4l White, With Handle",Greenville,South Carolina,United States,66
"Tomatoes - Vine Ripe, Red",Indianapolis,Indiana,United States,58
Kiwi Gold Zespri,Palo Alto,California,United States,45
Tart - Pecan Butter Squares,Chicago,Illinois,United States,97
Lettuce - Curly Endive,Tyler,Texas,United States,24
Squid - Tubes / Tenticles 10/20,Duluth,Minnesota,United States,73
Chinese Foods - Chicken Wing,Grand Rapids,Michigan,United States,3
"Juice - Grape, White",Canton,Ohio,United States,26
Table Cloth 81x81 White,Jacksonville,Florida,United States,67
Sauce - Salsa,Migrate,Kentucky,United States,8
"Yogurt - Banana, 175 Gr",Saint Petersburg,Florida,United States,17
Energy Drink - Franks Pineapple,Saint Louis,Missouri,United States,15
Beer - Blue,Sacramento,California,United States,66
Puree - Strawberry,Charlotte,North Carolina,United States,58
"Bread - Rolls, Rye",Garland,Texas,United States,67
Oregano - Fresh,Fresno,California,United States,92
Lamb - Ground,Fort Pierce,Florida,United States,78
Chickhen - Chicken Phyllo,Wichita,Kansas,United States,21
Wine - Muscadet Sur Lie,Fredericksburg,Virginia,United States,58
Nantucket - 518ml,Lexington,Kentucky,United States,77
Compound - Orange,Los Angeles,California,United States,89
Star Fruit,Henderson,Nevada,United States,53
Puree - Pear,Tallahassee,Florida,United States,8
Chef Hat 25cm,Saint Louis,Missouri,United States,43
Milk - 2%,Arlington,Virginia,United States,28
"Turnip - White, Organic",Chandler,Arizona,United States,53
Beer - Steamwhistle,Jefferson City,Missouri,United States,73
Pop Shoppe Cream Soda,Harrisburg,Pennsylvania,United States,23
Soup Bowl Clear 8oz92008,San Jose,California,United States,98
Wine - Niagara Peninsula Vqa,San Diego,California,United States,65
"Chicken - Diced, Cooked",Boulder,Colorado,United States,36
Vodka - Moskovskaya,Little Rock,Arkansas,United States,100
Bacardi Mojito,Albany,New York,United States,80
Plums - Red,Houston,Texas,United States,92
Sausage - Andouille,Amarillo,Texas,United States,39
Macaroons - Two Bite Choc,Denver,Colorado,United States,40
Island Oasis - Raspberry,Evansville,Indiana,United States,26
"Wine - Red, Pinot Noir, Chateau",San Bernardino,California,United States,41
"Bread - Roll, Canadian Dinner",Reno,Nevada,United States,36
Ecolab - Medallion,Denver,Colorado,United States,2
V8 Splash Strawberry Banana,Memphis,Tennessee,United States,37
Soupcontfoam16oz 116con,Hartford,Connecticut,United States,56
Dc Hikiage Hira Huba,Louisville,Kentucky,United States,62
Coffee - Flavoured,Amarillo,Texas,United States,77
Lid - 16 Oz And 32 Oz,Davenport,Iowa,United States,3
"Mushroom - Chantrelle, Fresh",Pasadena,California,United States,52
Steampan Lid,Lafayette,Louisiana,United States,81
"Cookies - Oreo, 4 Pack",Kansas City,Missouri,United States,18
Oil - Olive Bertolli,Shreveport,Louisiana,United States,23
Savory,Atlanta,Georgia,United States,81
Cheese - Asiago,Saint Louis,Missouri,United States,36
Tuna - Bluefin,El Paso,Texas,United States,57
Chocolate - Sugar Free Semi Choc,Maple Plain,Minnesota,United States,88
White Fish - Filets,Tucson,Arizona,United States,73
"Fish - Artic Char, Cold Smoked",Columbia,Missouri,United States,5
Cheese - St. Andre,Cincinnati,Ohio,United States,22
Parsley - Fresh,Washington,District of Columbia,United States,19
Sour Puss Raspberry,White Plains,New York,United States,27
Basil - Pesto Sauce,Buffalo,New York,United States,48
"Octopus - Baby, Cleaned",Miami,Florida,United States,15
Soup Knorr Chili With Beans,Modesto,California,United States,96
Chocolate Eclairs,Pittsburgh,Pennsylvania,United States,50
Salt And Pepper Mix - Black,Southfield,Michigan,United States,90
Cafe Royale,Saint Petersburg,Florida,United States,64
Cheese - Parmesan Cubes,New York City,New York,United States,88
Chicken Giblets,New Haven,Connecticut,United States,76
Soup Campbells Mexicali Tortilla,Springfield,Virginia,United States,6
Parsley - Fresh,Miami,Florida,United States,65
Oil - Avocado,Louisville,Kentucky,United States,11
Lidsoupcont Rp12dn,Tampa,Florida,United States,21
Mussels - Cultivated,Washington,District of Columbia,United States,62
Pastry - Raisin Muffin - Mini,Dayton,Ohio,United States,90
Sausage - Meat,Raleigh,North Carolina,United States,44
Beef - Top Sirloin,Springfield,Massachusetts,United States,74
"Turkey - Breast, Bone - In",Washington,District of Columbia,United States,86
"Mushroom - Chantrelle, Fresh",Irving,Texas,United States,20
Plaintain,Tacoma,Washington,United States,17
"Wine - White, Gewurtzraminer",Hayward,California,United States,22
Lamb - Shoulder,Baltimore,Maryland,United States,37
Crackers Cheez It,Rochester,New York,United States,79
Salt And Pepper Mix - White,Gainesville,Florida,United States,4
Soup - Campbells Beef Strogonoff,San Diego,California,United States,85
Cheese - Gouda Smoked,Kansas City,Missouri,United States,41
"Mushroom - Shitake, Dry",Atlanta,Georgia,United States,24
"Cheese - Cheddar, Medium",Reading,Pennsylvania,United States,86
Tart - Butter Plain Squares,Vienna,Virginia,United States,52
Flower - Daisies,Atlanta,Georgia,United States,88
Energy Drink - Franks Pineapple,Baton Rouge,Louisiana,United States,82
Rice - Jasmine Sented,Boise,Idaho,United States,96
Pork Loin Bine - In Frenched,Washington,District of Columbia,United States,77
Shrimp - 150 - 250,Kansas City,Missouri,United States,87
"Oil - Food, Lacquer Spray",High Point,North Carolina,United States,80
Beans - French,Birmingham,Alabama,United States,6
Veal - Sweetbread,Abilene,Texas,United States,46
Marjoram - Fresh,Young America,Minnesota,United States,79
Bread - Assorted Rolls,Seattle,Washington,United States,51
Cheese - Grana Padano,Saginaw,Michigan,United States,71
Hummus - Spread,Washington,District of Columbia,United States,16
"Soup - Campbells, Classic Chix",Milwaukee,Wisconsin,United States,23
Cake - Lemon Chiffon,Oceanside,California,United States,29
Pastry - French Mini Assorted,Los Angeles,California,United States,84
Fib N9 - Prague Powder,Little Rock,Arkansas,United States,49
Pop Shoppe Cream Soda,Pocatello,Idaho,United States,35
Tea - Orange Pekoe,Hampton,Virginia,United States,33
Shark - Loin,Metairie,Louisiana,United States,67
Shortbread - Cookie Crumbs,Rochester,New York,United States,11
Wooden Mop Handle,Corpus Christi,Texas,United States,5
Cucumber - Pickling Ontario,Sioux Falls,South Dakota,United States,35
Island Oasis - Sweet And Sour Mix,Boston,Massachusetts,United States,45
Bread - Multigrain,Bakersfield,California,United States,17
"Lobster - Baby, Boiled",Lincoln,Nebraska,United States,72
Soup - Campbells - Chicken Noodle,Miami,Florida,United States,15
Bonito Flakes - Toku Katsuo,Pasadena,California,United States,92
Bar Special K,Norfolk,Virginia,United States,28
Ginger - Crystalized,Topeka,Kansas,United States,15
"Mushroom - Chanterelle, Dry",Lake Charles,Louisiana,United States,95
Pepperoni Slices,Phoenix,Arizona,United States,92
Tea - Grapefruit Green Tea,Seattle,Washington,United States,17
"Veal - Inside Round / Top, Lean",Kansas City,Missouri,United States,98
Bread - Olive,Glendale,Arizona,United States,88
"Bar Mix - Pina Colada, 355 Ml",Newton,Massachusetts,United States,12
"Cheese - Romano, Grated",Washington,District of Columbia,United States,10
Jam - Raspberry,Dayton,Ohio,United States,38
Gatorade - Orange,Toledo,Ohio,United States,94
Beef Dry Aged Tenderloin Aaa,Austin,Texas,United States,81
Cake - Bande Of Fruit,Milwaukee,Wisconsin,United States,59
Wine - Vidal Icewine Magnotta,Chattanooga,Tennessee,United States,10
Chips Potato Reg 43g,Los Angeles,California,United States,41
Tea - Herbal - 6 Asst,Santa Clara,California,United States,25
Cheese - Parmesan Cubes,Danbury,Connecticut,United States,36
"Rice Pilaf, Dry,package",Topeka,Kansas,United States,75
Easy Off Oven Cleaner,Alexandria,Louisiana,United States,88
"Capon - Breast, Double, Wing On",Philadelphia,Pennsylvania,United States,94
Ice Cream Bar - Hageen Daz To,Gulfport,Mississippi,United States,14
Soup - Campbells Bean Medley,Newark,New Jersey,United States,85
"Brownies - Two Bite, Chocolate",North Little Rock,Arkansas,United States,75
Lamb Leg - Bone - In Nz,Santa Cruz,California,United States,59
Chicken - White Meat With Tender,San Antonio,Texas,United States,45
Pastry - Cherry Danish - Mini,Minneapolis,Minnesota,United States,22
Pepperoni Slices,San Diego,California,United States,98
Spice - Greek 1 Step,Virginia Beach,Virginia,United States,29
Cake - Bande Of Fruit,Orlando,Florida,United States,17
Chocolate - Sugar Free Semi Choc,Pittsburgh,Pennsylvania,United States,57
Puff Pastry - Slab,Canton,Ohio,United States,86
Pastry - Key Limepoppy Seed Tea,El Paso,Texas,United States,20
Bread - Pita,Rockville,Maryland,United States,60
"Brownies - Two Bite, Chocolate",Fort Smith,Arkansas,United States,76
"Crab - Back Fin Meat, Canned",Philadelphia,Pennsylvania,United States,41
Vaccum Bag 10x13,Sacramento,California,United States,33
Wine - Segura Viudas Aria Brut,Dallas,Texas,United States,14
Spice - Greek 1 Step,Philadelphia,Pennsylvania,United States,89
Pasta - Fusili Tri - Coloured,Pomona,California,United States,27
Glucose,Washington,District of Columbia,United States,16
V8 Splash Strawberry Kiwi,Sacramento,California,United States,44
Flower - Leather Leaf Fern,Fort Myers,Florida,United States,98
Snapple Lemon Tea,Philadelphia,Pennsylvania,United States,2
"Pepper - Black, Ground",Tacoma,Washington,United States,96
Spice - Peppercorn Melange,Austin,Texas,United States,45
Lighter - Bbq,Indianapolis,Indiana,United States,32
"Beer - Alexander Kieths, Pale Ale",Dallas,Texas,United States,48
Bacon Strip Precooked,Mobile,Alabama,United States,14
Latex Rubber Gloves Size 9,Bridgeport,Connecticut,United States,29
Arizona - Green Tea,Pittsburgh,Pennsylvania,United States,97
"Lamb - Loin, Trimmed, Boneless",Des Moines,Iowa,United States,64
Roe - White Fish,Denver,Colorado,United States,86
"Soup - Beef, Base Mix",Grand Rapids,Michigan,United States,2
"Bread - Dark Rye, Loaf",Tacoma,Washington,United States,18
Muffin Puck Ww Carrot,Lubbock,Texas,United States,43
Extract - Raspberry,Lansing,Michigan,United States,6
Bread - Hamburger Buns,San Antonio,Texas,United States,92
Vodka - Moskovskaya,Las Vegas,Nevada,United States,21
Transfer Sheets,Dallas,Texas,United States,99
"Sole - Dover, Whole, Fresh",Columbus,Georgia,United States,43
Coffee - Cafe Moreno,San Jose,California,United States,37
Amarula Cream,Peoria,Illinois,United States,6
Black Currants,Virginia Beach,Virginia,United States,45
Scallops - In Shell,New York City,New York,United States,42
Broom - Corn,Tallahassee,Florida,United States,66
Beef - Tenderloin - Aa,Kansas City,Kansas,United States,44
Irish Cream - Butterscotch,Austin,Texas,United States,32
Lamb Shoulder Boneless Nz,San Jose,California,United States,42
Cilantro / Coriander - Fresh,Houston,Texas,United States,56
Sage - Ground,Grand Rapids,Michigan,United States,45
Shichimi Togarashi Peppeers,Pittsburgh,Pennsylvania,United States,27
Onions - Red Pearl,Gastonia,North Carolina,United States,16
Fork - Plastic,Chicago,Illinois,United States,16
Dates,Schaumburg,Illinois,United States,19
Bread - Raisin Walnut Pull,Oklahoma City,Oklahoma,United States,91
Tuna - Salad Premix,Pasadena,California,United States,35
Boogies,Norcross,Georgia,United States,19
Sugar - Fine,Bakersfield,California,United States,86
Puff Pastry - Slab,Washington,District of Columbia,United States,86
Cheese - St. Paulin,Houston,Texas,United States,45
Juice - Apple Cider,Spring,Texas,United States,79
Ham - Procutinni,Philadelphia,Pennsylvania,United States,20
Beets - Mini Golden,El Paso,Texas,United States,54
Wine - Montecillo Rioja Crianza,Santa Ana,California,United States,5
Appetizer - Cheese Bites,Chattanooga,Tennessee,United States,56
Peas Snow,Orlando,Florida,United States,98
"Spoon - Soup, Plastic",Sacramento,California,United States,36
Nantucket - Carrot Orange,Knoxville,Tennessee,United States,26
Juice - Apple 284ml,Rockford,Illinois,United States,70
"Cheese - Brie, Cups 125g",Omaha,Nebraska,United States,47
Muffin Carrot - Individual,Fort Worth,Texas,United States,87
"Lettuce - Romaine, Heart",Fresno,California,United States,43
Beer - Sleemans Honey Brown,Savannah,Georgia,United States,63
Cheese - St. Paulin,Santa Ana,California,United States,50
Cod - Fillets,Huntington,West Virginia,United States,71
Chicken - Whole,Saint Paul,Minnesota,United States,15
Rum - Mount Gay Eclipes,Little Rock,Arkansas,United States,55
Longos - Chicken Wings,Dallas,Texas,United States,45
Foam Cup 6 Oz,Rochester,New York,United States,51
Veal - Liver,Los Angeles,California,United States,17
"Beans - Long, Chinese",West Palm Beach,Florida,United States,82
Lamb - Ground,Philadelphia,Pennsylvania,United States,8
Venison - Racks Frenched,Albany,New York,United States,49
"Potatoes - Yukon Gold, 80 Ct",Saint Petersburg,Florida,United States,43
"Liners - Banana, Paper",Boston,Massachusetts,United States,13
Sage - Fresh,Rochester,New York,United States,94
"Soup - Campbells, Beef Barley",Savannah,Georgia,United States,93
Syrup - Pancake,Charlotte,North Carolina,United States,40
Beer - Paulaner Hefeweisse,Fort Wayne,Indiana,United States,69
Huck White Towels,Oklahoma City,Oklahoma,United States,87
Tea - Green,Columbus,Ohio,United States,10
Couscous,Orlando,Florida,United States,19
Wine - Savigny - Les - Beaune,New Castle,Pennsylvania,United States,89
Magnotta - Bel Paese White,Dallas,Texas,United States,76
Eggplant - Regular,Naples,Florida,United States,14
Soup - Chicken And Wild Rice,Newport Beach,California,United States,62
Cup - 8oz Coffee Perforated,Orange,California,United States,10
"Veal - Insides, Grains",Washington,District of Columbia,United States,71
Bar Bran Honey Nut,Portland,Oregon,United States,8
Pickle - Dill,Phoenix,Arizona,United States,61
Chocolate - Feathers,Wichita Falls,Texas,United States,39
"Trout - Rainbow, Fresh",Salt Lake City,Utah,United States,85
"Fish - Base, Bouillion",Jamaica,New York,United States,95
Beer - Creemore,Huntsville,Alabama,United States,34
Octopus,Cincinnati,Ohio,United States,56
Asparagus - Frozen,Knoxville,Tennessee,United States,49
Bacardi Raspberry,Anchorage,Alaska,United States,86
Soup Bowl Clear 8oz92008,Alpharetta,Georgia,United States,13
Raspberries - Fresh,Jackson,Mississippi,United States,29
Bread - Petit Baguette,Colorado Springs,Colorado,United States,84
"Rosemary - Primerba, Paste",Montpelier,Vermont,United States,8
Lettuce - Red Leaf,Des Moines,Iowa,United States,44
Cup - 8oz Coffee Perforated,Houston,Texas,United States,70
Beef - Tenderloin Tails,Bismarck,North Dakota,United States,37
Chips Potato Swt Chilli Sour,San Jose,California,United States,81
Tea - Camomele,Pittsburgh,Pennsylvania,United States,52
Sauce - Balsamic Viniagrette,Nashville,Tennessee,United States,26
Mcguinness - Blue Curacao,Jackson,Mississippi,United States,10
Veal - Insides Provini,New York City,New York,United States,55
